Workbook

Sheet Raw
A1: record_id | B1: month | C1: record_id2 | D1: hub | E1: promised_days | F1: actual_days
A2: 1 | B2: Jan | C2: R1 | D2: Mumbai | E2: 2 | F2: 2
A3: 2 | B3: Jan | C3: R2 | D3: Chennai | E3: 3 | F3: 4
A4: 3 | B4: Jan | C4: R3 | D4: Delhi | E4: 5 | F4: 8
A5: 4 | B5: Jan | C5: R4 | D5: Mumbai | E5: 6 | F5: 10
A6: 5 | B6: Feb | C6: R1 | D6: Chennai | E6: 2 | F6: 5
A7: 6 | B7: Feb | C7: R2 | D7: Delhi | E7: 3 | F7: 3
A8: 7 | B8: Feb | C8: R3 | D8: Delhi | E8: 5 | F8: 10
A9: 8 | B9: Feb | C9: R4 | D9: Chennai | E9: 6 | F9: 7
A10: 9 | B10: Mar | C10: R1 | D10: Delhi | E10: 2 | F10: 8
A11: 10 | B11: Mar | C11: R2 | D11: Mumbai | E11: 3 | F11: 5
A12: 11 | B12: Mar | C12: R3 | D12: Chennai | E12: 5 | F12: 5
A13: 12 | B13: Mar | C13: R4 | D13: Mumbai | E13: 6 | F13: 15
A14: 12 | B14: Mar | C14: R4 | D14: Mumbai | E14: 6 | F14: 15

Sheet Lookup
A1: route_id | B1: route | C1: service_type
A2: R1 | B2: Metro Link | C2: Express
A3: R2 | B3: City Dash | C3: Express
A4: R3 | B4: Highway Freight | C4: Standard
A5: R4 | B5: Rural Feeder | C5: Standard

Sheet Pivot Table
A3: Sum of delay_days | B3: month
A4: service_type | B4: Mar | C4: Jan | D4: Feb | E4: Mar | F4: Grand Total
A5: Express | B5: 8 | C5: 1 | D5: 3 | F5: 12
A6: Standard | B6: 0 | C6: 7 | D6: 6 | E6: 9 | F6: 22
A7: Grand Total | B7: 8 | C7: 8 | D7: 9 | E7: 9 | F7: 34

Sheet Clean
A1: record_id | B1: month | C1: route_id | D1: hub | E1: promised_days | F1: actual_days | G1: service_type | H1: delay_days
A2: 1 | B2: Jan | C2: R1 | D2: Mumbai | E2: 2 | F2: 2 | G2: =_xlfn.XLOOKUP("*"&TRIM(C2)&"*",Lookup!$A$2:$A$5,Lookup!$C$2:$C$5,"Not Found",2) -> Express | H2: =MAX(F2-E2,0) -> 0
A3: 2 | B3: Jan | C3: R2 | D3: Chennai | E3: 3 | F3: 4 | G3: =_xlfn.XLOOKUP("*"&TRIM(C3)&"*",Lookup!$A$2:$A$5,Lookup!$C$2:$C$5,"Not Found",2) -> Express | H3: =MAX(F3-E3,0) -> 1
A4: 3 | B4: Jan | C4: R3 | D4: Delhi | E4: 5 | F4: 8 | G4: =_xlfn.XLOOKUP("*"&TRIM(C4)&"*",Lookup!$A$2:$A$5,Lookup!$C$2:$C$5,"Not Found",2) -> Standard | H4: =MAX(F4-E4,0) -> 3
A5: 4 | B5: Jan | C5: R4 | D5: Mumbai | E5: 6 | F5: 10 | G5: =_xlfn.XLOOKUP("*"&TRIM(C5)&"*",Lookup!$A$2:$A$5,Lookup!$C$2:$C$5,"Not Found",2) -> Standard | H5: =MAX(F5-E5,0) -> 4
A6: 5 | B6: Feb | C6: R1 | D6: Chennai | E6: 2 | F6: 5 | G6: =_xlfn.XLOOKUP("*"&TRIM(C6)&"*",Lookup!$A$2:$A$5,Lookup!$C$2:$C$5,"Not Found",2) -> Express | H6: =MAX(F6-E6,0) -> 3
A7: 6 | B7: Feb | C7: R2 | D7: Delhi | E7: 3 | F7: 3 | G7: =_xlfn.XLOOKUP("*"&TRIM(C7)&"*",Lookup!$A$2:$A$5,Lookup!$C$2:$C$5,"Not Found",2) -> Express | H7: =MAX(F7-E7,0) -> 0
A8: 7 | B8: Feb | C8: R3 | D8: Delhi | E8: 5 | F8: 10 | G8: =_xlfn.XLOOKUP("*"&TRIM(C8)&"*",Lookup!$A$2:$A$5,Lookup!$C$2:$C$5,"Not Found",2) -> Standard | H8: =MAX(F8-E8,0) -> 5
A9: 8 | B9: Feb | C9: R4 | D9: Chennai | E9: 6 | F9: 7 | G9: =_xlfn.XLOOKUP("*"&TRIM(C9)&"*",Lookup!$A$2:$A$5,Lookup!$C$2:$C$5,"Not Found",2) -> Standard | H9: =MAX(F9-E9,0) -> 1
A10: 9 | B10: Mar | C10: R1 | D10: Delhi | E10: 2 | F10: 8 | G10: =_xlfn.XLOOKUP("*"&TRIM(C10)&"*",Lookup!$A$2:$A$5,Lookup!$C$2:$C$5,"Not Found",2) -> Express | H10: =MAX(F10-E10,0) -> 6
A11: 10 | B11: Mar | C11: R2 | D11: Mumbai | E11: 3 | F11: 5 | G11: =_xlfn.XLOOKUP("*"&TRIM(C11)&"*",Lookup!$A$2:$A$5,Lookup!$C$2:$C$5,"Not Found",2) -> Express | H11: =MAX(F11-E11,0) -> 2
A12: 11 | B12: Mar | C12: R3 | D12: Chennai | E12: 5 | F12: 5 | G12: =_xlfn.XLOOKUP("*"&TRIM(C12)&"*",Lookup!$A$2:$A$5,Lookup!$C$2:$C$5,"Not Found",2) -> Standard | H12: =MAX(F12-E12,0) -> 0
A13: 12 | B13: Mar | C13: R4 | D13: Mumbai | E13: 6 | F13: 15 | G13: =_xlfn.XLOOKUP("*"&TRIM(C13)&"*",Lookup!$A$2:$A$5,Lookup!$C$2:$C$5,"Not Found",2) -> Standard | H13: =MAX(F13-E13,0) -> 9

Sheet Summary
A1: DELIVERY DELAY ANALYTICS
A2: Executive Summary | Excel Analysis | Set A
A4: TOTAL DELAY | E4: DELAYED RECORDS | I4: DELAY INCIDENCE RATE
A5: =SUM(Clean!$H$2:$H$13) -> 34 | E5: =COUNTIF(Clean!$H$2:$H$13,">0") -> 9 | I5: =COUNTIF(Clean!$H$2:$H$13,">0")/COUNTA(Clean!$A$2:$A$13) -> 0.75
A9: HUB PERFORMANCE | G9: SERVICE PERFORMANCE
A10: HUB | B10: TOTAL DELAY DAYS | G10: SERVICE TYPE | H10: TOTAL DELAY
A11: Chennai | B11: =SUMIFS(Clean!$H$2:$H$13,Clean!$D$2:$D$13,A11) -> 0 | G11: Express | H11: =SUMIFS(Clean!$H$2:$H$13,Clean!$G$2:$G$13,G11) -> 12
A12: Delhi | B12: =SUMIFS(Clean!$H$2:$H$13,Clean!$D$2:$D$13,A12) -> 0 | G12: Standard | H12: =SUMIFS(Clean!$H$2:$H$13,Clean!$G$2:$G$13,G12) -> 22
A13: Mumbai | B13: =SUMIFS(Clean!$H$2:$H$13,Clean!$D$2:$D$13,A13) -> 2
A16: KEY BUSINESS INSIGHT
A17: Mumbai has the highest cumulative delay at 15 days, while Standard service contributes 22 of the 34 total delay days.
